id,folder,title,issuer,year,doc_type,url,download,verified,use_in_solution,key_sections,notes
PH-L01,PH_Laws,"Indigenous Peoples' Rights Act of 1997 (RA 8371)",Congress of the Philippines,1997,law,https://lawphil.net/statutes/repacts/ra1997/ra_8371_1997.html,auto,opened 2026-10-06,"Core law: proof, consent, delineation, disputes, fraud review, permits","s3(g) FPIC; s32 s34 community knowledge; s44 s46 NCIP; s45 public records; s51 sworn statement of elders; s52 delineation and proof; s52(k) registration; s54 fraudulent claims; s59 certification precondition; s62 conflicts; s65 s66 customary law and NCIP jurisdiction",
PH-L02,PH_Laws,"Philippine Mining Act of 1995 (RA 7942)",Congress of the Philippines,1995,law,https://lawphil.net/statutes/repacts/ra1995/pdf/ra_7942_1995.pdf,auto,opened 2026-10-06,"Scenario script: mining permit over a claimed area","s16 no mining on ancestral land without prior consent; s17 royalties",
PH-L03,PH_Laws,"Expanded National Integrated Protected Areas System Act of 2018 (RA 11038)",Congress of the Philippines,2018,law,https://lawphil.net/statutes/repacts/ra2018/ra_11038_2018.html,auto,opened 2026-10-06,"Overlap of ancestral domains with protected areas (World Bank: 1.44M ha)","s4(p) definition of IPs; s11(i) IP seats on protected area boards; s13 ancestral domains and customary rights","Does not use the term FPIC"
PH-L04,PH_Laws,"Intellectual Property Code of the Philippines (RA 8293), as amended",Intellectual Property Office of the Philippines,1997,law,https://www.ipophil.gov.ph/intellectual-property-code-implementing-rules-and-regulations/,manual,opened 2026-10-06,"Ownership of recordings and traditional knowledge; government works are not copyrighted","s175 unprotected subject matter; s176 works of the Government","Official file is on IPOPHL SharePoint; download by hand from this page"
PH-L05,PH_Laws,"Department of Information and Communications Technology Act of 2015 (RA 10844)",Congress of the Philippines,2016,law,https://elibrary.judiciary.gov.ph/thebookshelf/showdocs/2/67157,auto,opened 2026-10-06,"DICT mandate: connectivity, free internet in underserved areas, cybersecurity","Powers and functions of DICT","Approved 23 May 2016"
PH-L06,PH_Laws,"Executive Order No. 58 (2024) adopting the National Cybersecurity Plan 2023-2028",Office of the President,2024,executive order,https://lawphil.net/executive/execord/eo2024/eo_58_2024.html,auto,opened 2026-10-06,"Security of community data; agencies align cybersecurity plans","s1 adoption and alignment; s2 implementation; reporting",
PH-N01,PH_NCIP_Rules,"Rules and Regulations Implementing IPRA (NCIP Administrative Order No. 1, s. 1998)",NCIP,1998,implementing rules,https://www.wipo.int/wipolex/en/text/225827,auto,opened 2026-10-06,"Implementing detail for every IPRA chapter","Delineation; FPIC; self-governance; NCIP structure","Hosted on WIPO Lex"
PH-N02,PH_NCIP_Rules,"Revised Guidelines on the Exercise of Free and Prior Informed Consent (FPIC) and Related Processes (NCIP AO No. 3, s. 2012)",NCIP,2012,administrative order,https://chr-observatories.uwazi.io/api/files/1574909030906skiyojx55l.pdf,auto,opened 2026-10-06,"Consent flow for the policy gate; mining scenario step 6","10 parts, 75 sections","Approved 13 April 2012; hosted by the Commission on Human Rights observatory"
PH-N03,PH_NCIP_Rules,"Revised Omnibus Rules on Delineation and Recognition of Ancestral Domains and Lands of 2012 (NCIP AO No. 4, s. 2012)",NCIP,2012,administrative order,https://chr-observatories.uwazi.io/api/files/15749089972093t25s3vviyn.pdf,auto,opened 2026-10-06,"Proof requirements and delineation steps the dossier follows","Part I delineation proper (proofs, procedures, CADT/CALT); Part II surveys","Hosted by the Commission on Human Rights observatory"
PH-N04,PH_NCIP_Rules,"Indigenous Knowledge Systems and Practices (IKSPs) and Customary Laws Research and Documentation Guidelines of 2012 (NCIP AO No. 1, s. 2012)",NCIP,2012,administrative order,https://chr-observatories.uwazi.io/api/files/15749089595883uvoy88gnm.pdf,auto,opened 2026-10-06,"Rules for recording and documenting community knowledge: directly governs the story recorder","Research and documentation requirements; certificate of validation","Approved 15 March 2012; most relevant rule for the recording step"
PH-N05,PH_NCIP_Rules,"2018 NCIP Rules of Procedure (NCIP Administrative Circular No. 1, s. 2018)",NCIP,2018,rules of procedure,https://dev.lawyerly.ph/laws/91527,auto,opened 2026-10-06,"Dispute handling before NCIP (scenario step 5)","s88 repealing clause","Adopted 18 April 2018; replaces inconsistent earlier rules"
PH-N06,PH_NCIP_Rules,"2014 Revised Rules of Procedure before the NCIP (NCIP Administrative Circular No. 1, s. 2014)",NCIP,2014,rules of procedure,https://faolex.fao.org/docs/pdf/phi198300.pdf,auto,opened 2026-10-06,"Historical comparison only","","Likely modified by the 2018 Rules; keep for reference"
PH-D01,PH_Data_Privacy,"Data Privacy Act of 2012 (RA 10173)",Congress of the Philippines,2012,law,https://privacy.gov.ph/wp-content/uploads/2017/03/DPA-of-2012.pdf,auto,opened 2026-10-06,"Consent, data subject rights, breach response (scenario step 4)","Rights of data subjects; security; breach notification","Approved 15 August 2012"
PH-D02,PH_Data_Privacy,"Implementing Rules and Regulations of the Data Privacy Act, as amended",National Privacy Commission,2016,implementing rules,https://privacy.gov.ph/wp-content/uploads/2023/06/IRR_RA-10173-as-amended.pdf,auto,opened 2026-10-06,"Ethnic origin is sensitive personal information: stories and group self-identification need stricter handling","s3(t) sensitive personal information includes ethnic origin",
PH-D03,PH_Data_Privacy,"NPC Advisory No. 2024-04: Guidelines on the Application of the Data Privacy Act to AI Systems Processing Personal Data",National Privacy Commission,2024,advisory,https://privacy.gov.ph/wp-content/uploads/2024/12/Advisory-2024.12.19-Guidelines-on-Artificial-Intelligence-w-SGD.pdf,auto,opened 2026-10-06,"Transparency, lawful basis, bias monitoring for the AI pipeline","Transparency; accountability; fairness and bias; data subject rights","Issued 19 December 2024"
PH-S01,PH_Strategies,"DTI launches National AI Strategy Roadmap 2.0 and Center for AI Research",Department of Trade and Industry,2024,news release,https://dti.gov.ph/news/dti-drives-ai-innovation-national-roadmap-2-0-cair-launch,auto,opened 2026-10-06,"National AI strategy context","","Full roadmap PDF not found publicly; add it if DTI publishes it"
PH-S02,PH_Strategies,"National AI Strategy Roadmap 2.0 (NAISR 2.0) - OECD.AI policy record",OECD.AI,2024,policy record,https://oecd.ai/en/dashboards/policy-initiatives/national-ai-strategy-roadmap-20-naisr-20,auto,opened 2026-10-06,"Pillars and governance dimension of NAISR 2.0","Innovation and Implementation pillars; AI governance and ethics with NPC, IPOPHL, PCC",
PH-S03,PH_Strategies,"Philippine Development Plan 2023-2028",NEDA (now DEPDev),2023,development plan,https://pdp.depdev.gov.ph/wp-content/uploads/2023/09/Philippine-Development-Plan-2023-2028.pdf,auto,opened 2026-10-06,"National development priorities; inclusive governance","Ch. 14 good governance: marginalized sectors incl. IPs and GIDAs in public decision-making","Only one explicit mention of indigenous peoples"
PH-J01,PH_Jurisprudence,"Cruz v. Secretary of Environment and Natural Resources, G.R. No. 135385",Supreme Court of the Philippines,2000,decision,https://lawphil.net/judjuris/juri2000/dec2000/gr_135385_2000.html,auto,opened 2026-10-06,"IPRA survives constitutional challenge","Petition dismissed on a 7-7 vote","Decided 6 December 2000"
PH-J02,PH_Jurisprudence,"Lim v. Gamosa, G.R. No. 193964",Supreme Court of the Philippines,2015,decision,https://nlpdl.nlp.gov.ph/SC01/2015dec/193964.pdf,auto,opened 2026-10-06,"Limits of NCIP jurisdiction: coordination gap in disputes with non-indigenous parties","NCIP jurisdiction applies when both parties are ICCs/IPs and customary remedies are exhausted","Decided 2 December 2015"
PH-C01,PH_Context_Data,"No Data, No Story: Indigenous Peoples in the Philippines",World Bank,2024,report,https://thedocs.worldbank.org/en/doc/baa43cc91ec55266a538e9023c528bd7-0070062024/original/No-Data-No-Story-Indigenous-Peoples-in-the-Philippines.pdf,auto,opened 2026-10-06,"Scale, data gaps, CADT registration backlog, isolated areas, recommendations","9.46M IPs (8.7%); 257 CADTs, 55 registered; 20.5% of land; 37% in GIDAs; surveys lack ethnicity variables","May 2024"
PH-C02,PH_Context_Data,"No Data, No Story - report highlights presentation",World Bank,2024,presentation,https://thedocs.worldbank.org/en/doc/2808b4cfcfc285b10805c31eefb67ec0-0070062024/original/Report-Highlights-Presentation-No-Data-No-Story-Indigenous-Peoples-in-the-Philippines.pdf,auto,opened 2026-10-06,"Summary slides for the demo","","Presented in Manila, 29 May 2024"
PH-C03,PH_Context_Data,"Status of Indigenous Peoples Data in National Statistics: Censuses, Survey, and Administrative Data",Philippine Statistics Authority (World Bank IP data workshop),2025,presentation,https://thedocs.worldbank.org/en/doc/c370ba5b59a471a774b2196ca87bd623-0090012025/original/Day-1-PSA-Jomilynn-Rebanal.pdf,auto,opened 2026-10-06,"How PSA measures ethnicity; CBMS covers 635 cities and municipalities","2020 census uses descent; plans for LFS and vital registration","Gives 9,841,785 IPs from the 2020 census, which differs from the World Bank's 9.46M; cite both with their sources"
PH-C04,PH_Context_Data,"Technical Notes on Ethnicity, 2020 Census of Population and Housing",Philippine Statistics Authority,2023,technical notes,https://psa.gov.ph/system/files/phcd/PR%20on%20Ethnicity_Technical%20Notes.pdf,auto,opened 2026-10-06,"Definitions used for indigenous status in the census","Definitions of IP and ethnicity; no figures",
PH-C05,PH_Context_Data,"Indigenous Peoples - Philippines country page (UNDRIP, ILO 169, CBD status)",FAO,n.d.,country profile,https://www.fao.org/indigenous-peoples/country/PHL/en/?iso3=PHL,auto,opened 2026-10-06,"Treaty commitments row","UNDRIP endorsed 2007; ILO 169 not ratified; CBD ratified 1993",
G-01,Global_Practice,"United Nations Declaration on the Rights of Indigenous Peoples",United Nations,2007,declaration,https://social.desa.un.org/sites/default/files/migrated/19/2018/11/UNDRIP_E_web.pdf,auto,opened 2026-10-06,"Global benchmark for consent","Art. 32(2) consent before projects affecting lands, especially mineral development","Adopted 13 September 2007"
G-02,Global_Practice,"CARE Principles for Indigenous Data Governance (summary)",CASRAI / Global Indigenous Data Alliance,2019,principles,https://casrai.org/learn/what-are-the-care-principles,auto,opened 2026-10-06,"Data gaps: community control of data","Collective benefit; Authority to control; Responsibility; Ethics","Primary source: gida-global.org/care"
G-03,Global_Practice,"The First Nations Principles of OCAP (fact sheet)",First Nations Information Governance Centre,1998,principles,https://www.uottawa.ca/library/sites/g/files/bhrskd381/files/2022-12/bestpractices_fnigc_ocap_fact_sheet_en_final.pdf,auto,search result 2026-10-06,"Data gap: First Nations-specific example of community data control","Ownership; Control; Access; Possession","OCAP is a registered trademark of FNIGC"
G-04,Global_Practice,"Principles of Maori Data Sovereignty (Te Mana Raraunga Brief 1)",Te Mana Raraunga,2018,principles,https://online.op.ac.nz/assets/LearningTeachingDevelopment/TMR+Maori+Data+Sovereignty+Principles+Oct+2018.pdf,auto,search result 2026-10-06,"Sacred knowledge: community decides what stays private","Restricted (tapu) or open (noa) data","October 2018"
G-05,Global_Practice,"Delgamuukw v. British Columbia, [1997] 3 SCR 1010",Supreme Court of Canada,1997,decision,https://scc-csc.lexum.com/scc-csc/scc-csc/en/item/1569/index.do,auto,link from verified source 2026-10-06,"Oral history as evidence","Oral history to be treated as equal to other evidence","Decided 11 December 1997"
G-06,Global_Practice,"Delgamuukw Case (summary)",The Canadian Encyclopedia,2019,encyclopedia article,https://www.thecanadianencyclopedia.ca/en/article/delgamuukw-case,auto,opened 2026-10-06,"Plain-language summary of the ruling","",
G-07,Global_Practice,"EU AI Act, Article 14: Human Oversight",EU (via artificialintelligenceact.eu),2024,regulation,https://www.artificialintelligenceact.eu/article/14/,auto,opened 2026-10-06,"Human override at the policy gate","Art. 14(4) oversight capabilities incl. automation bias and override",
G-08,Global_Practice,"Digital Omnibus on Artificial Intelligence - FAQ",AKOS (Slovenian regulator),2026,faq,https://www.akos-rs.si/en/umetna-inteligenca/explore/frequently-asked-questions-and-answers/digital-omnibus-on-artificial-intelligence,auto,opened 2026-10-06,"Current high-risk application dates","Annex III from 2 December 2027; in force 27 July 2026",
G-09,Global_Practice,"Register of Native Title Claims (dataset)",Native Title Registrar / data.gov.au,n.d.,dataset record,https://data.gov.au/data/dataset/register-of-native-title-claims,auto,opened 2026-10-06,"Shared register example for the claims-register gap","Public, mapped register of registered claims",
G-10,Global_Practice,"Federal Court of Australia Annual Report 2010-11, Part 2 (native title management after 2009 amendments)",Federal Court of Australia,2011,annual report,https://www.fedcourt.gov.au/about/corporate-information/annual-reports/2010-11/part-2,auto,search result 2026-10-06,"Court-managed mediation of overlapping claims","Court manages claims; may refer mediation beyond the NNTT",
G-11,Global_Practice,"We will mediate the gap closed: 2009 Native Title Amendments",Indigenous Law Bulletin (AustLII),2010,journal article,https://www.austlii.edu.au/au/journals/ILB/2010/5.html,auto,search result 2026-10-06,"Details of s86B mediation after 2009","Federal Court must refer each application to mediation","AustLII may block automated downloads; fetch by hand if needed"
G-12,Global_Practice,"Summary of the WIPO Treaty on Intellectual Property, Genetic Resources and Associated Traditional Knowledge (2024)",WIPO,2024,treaty summary,https://www.wipo.int/en/web/treaties/ip/gratk/summary_gratk,auto,opened 2026-10-06,"Traditional knowledge in recorded stories","Patent applicants must disclose the Indigenous Peoples providing associated TK","Adopted 24 May 2024; enters into force after 15 ratifications (not in force as of July 2026)"
PH-L07,PH_Laws,"Local Government Code of 1991 (RA 7160)",Congress of the Philippines,1991,law,https://faolex.fao.org/docs/pdf/phi210272.pdf,auto,opened 2026-10-06,"LGU agent mandate; sectoral seats in local councils","s41(c) sectoral representatives: indigenous communities are one option among several","Compare with IPRA s16 (mandatory representation)"
PH-L08,PH_Laws,"Cybercrime Prevention Act of 2012 (RA 10175)",Congress of the Philippines,2012,law,https://hrlibrary.umn.edu/research/Philippines/RA_10175.html,auto,search result 2026-10-06,"Data-leak scenario: illegal access and data interference","Offenses against confidentiality, integrity and availability; CICC","Mirror hosted by the University of Minnesota Human Rights Library"
PH-L09,PH_Laws,"Community-Based Monitoring System Act (RA 11315)",Congress of the Philippines,2019,law,https://ldr.senate.gov.ph/sites/default/files/2021-08/20190417-RA-11315-RRD.pdf,auto,opened 2026-10-06,"Local poverty data; data gap: no ethnicity requirement in the law","s3(c) data dimensions","Approved 17 April 2019; PSA's CBMS does collect ethnicity in practice (see PH-C03)"
PH-N07,PH_NCIP_Rules,"Joint DAR-DENR-LRA-NCIP Memorandum Circular: implementing rules of procedure of Joint Administrative Order No. 1, s. 2012",DAR; DENR; LRA; NCIP,2012,joint memorandum circular,https://chr-observatories.uwazi.io/api/files/1589783625851j532xt6fxk.pdf,auto,opened 2026-10-06,"Overlapping claims and registration backlog (coordination gap)","s4 contentious areas; survey plan projection; suspension of processing in contested areas; provincial-regional-national committees",
PH-D04,PH_Data_Privacy,"The 2023 Compendium of NPC Issuances (incl. NPC Circular No. 2023-04, Guidelines on Consent)",National Privacy Commission,2023,compendium,https://privacy.gov.ph/wp-content/uploads/2024/05/2023-compendium-2.pdf,auto,opened 2026-10-06,"Consent design: free, specific, informed in plain language, not bundled, easy to withdraw","Circular 2023-04 (7 November 2023)",
PH-S04,PH_Strategies,"DepEd Order No. 62, s. 2011: National Indigenous Peoples Education Policy Framework",Department of Education,2011,policy framework,https://www.deped.gov.ph/2011/08/08/do-62-s-2011-%20adopting-the-national-indigenous-peoples-ip-education-policy-framework/,auto,opened 2026-10-06,"Rights-based participation of IP communities; youth as tellers","Consultation with IP communities; participation, inclusion, empowerment","Page text only; no PDF link on the page"
PH-C06,PH_Context_Data,"Report: Data and Information Workshop on Indigenous Peoples and Cultural Communities in the Philippines",World Bank,2025,workshop report,https://thedocs.worldbank.org/en/doc/8bc52b597bab6386f540475c5f6160a6-0070022025/original/Report-Philippines-IP-Data-Workshop-04-14-2025.pdf,auto,opened 2026-10-06,"Current national effort on IP data standards; self-identification; data sovereignty","Interagency task force; master IP list; NCIP database lists 222 IP groups and 110 languages","Workshop held 27-28 January 2025"
PH-C07,PH_Context_Data,"The Joint Administrative Order No. 01 series of 2012: A Policy Review","Dave de Vera (PAFID), for ANGOC (hosted by the CHR observatory)",2017,policy review,https://chr-observatories.uwazi.io/api/files/15899151995355w08lc99wzv.pdf,auto,opened 2026-10-06,"Evidence for the registration-backlog gap","Finds the joint order frustrates rather than facilitates CADT/CALT registration",
G-13,Global_Practice,"Community Land Act, 2016 (No. 27 of 2016), Kenya",Parliament of Kenya (Kenya Law),2016,law,https://new.kenyalaw.org/akn/ke/act/2016/27,auto,opened 2026-10-06,"Many voices: community land decisions by an assembly of all adult members","s15(1) assembly of all adult members; s15(2) two-thirds quorum; s15(5) two-thirds for disposal",
G-14,Global_Practice,"International good practices: Mexico National Institute of Statistics and Geography (INEGI)",INEGI (World Bank IP data workshop),2025,presentation,https://thedocs.worldbank.org/en/doc/912dbd0edff844d35899000a1086d8b3-0090012025/original/Day-2-INEGI-Mauricio-Rodriguez.pdf,auto,opened 2026-10-06,"Ethnicity data gap: self-identification plus language questions","7.4M indigenous-language speakers vs 23.2M self-identified, aged 3+ (2020)",
G-15,Global_Practice,"Indigenous Status Standard, 2014, Version 1.5",Australian Bureau of Statistics,2014,statistical standard,https://www.abs.gov.au/statistics/standards/indigenous-status-standard/latest-release,auto,opened 2026-10-06,"Ethnicity data gap: one standard self-identification question for all respondents","Standard question; ask everyone; ask directly",
G-16,Global_Practice,"Recommendation on the Ethics of Artificial Intelligence",UNESCO,2021,recommendation,https://intgovforum.org/sites/default/files/webform/igf_2023_workshop_proposal_form/241947/381137eng.pdf,auto,opened 2026-10-06,"AI ethics benchmark; indigenous self-governance of data","Para. 47 self-governance of Indigenous Peoples' data","Copy hosted by the Internet Governance Forum; official source is unesdoc.unesco.org"
G-17,Global_Practice,"Indigenous and Tribal Peoples Convention, 1989 (No. 169)",International Labour Organization,1989,convention,https://eos.cartercenter.org/uploads/document_file/path/73/Convention_C169-_E.pdf,auto,search result 2026-10-06,"Treaty benchmark (not ratified by the Philippines)","Consultation and participation; land rights","Copy hosted by the Carter Center; official text on ILO NORMLEX"
